	User ID - en-ki <enki@tormail.org>
	User ID - Bizzey (Bizzey) <Bizzey@jwapifjpaweijfapewifjaweofijalw.com>
	User ID - amsterdam <aliebeninki@outlook.com>
	User ID - Dreams <ddreams@torbox3uiot6wchz.onion>
	User ID - TRADEPOINT <Tradepoint@outlook.com>
	User ID - QuickLick <QuickLick@quicklick.onion>
	User ID - LimpNode (PGP grey)
	User ID - dontask@notmyemail.com
	User ID - infinite_x <infinite_x@sigaintevyh2rzvw.onion>
	User ID - CyberGroup (CyberGroup At Your Service !!)
	User ID - mrcronk <highgrade@coffeeshop.com>
	User ID - kwikpgp
	User ID - peter spijker <ditwashet@mail.com>
	User ID - thebestprice <thebesprice@safe-mail.net>
	User ID - confucious <confucious@fuck.com>
	User ID - Dream1 <Dream1@hotmail.com>
	User ID - PrimeSpeed <adderall@secmail.pro>
	User ID - home <home@123456.com>
	User ID - ATHAMAS <ATHAMAS@ATHAMAS.COM>
	User ID - narcots <narcots@sigaint.org>
	User ID - Weedstar <Weedstar>
	User ID - Almcd
	User ID - rcdealer2
	User ID - scottvandes@gmail.com
	User ID - pgpexclusive <pgpexclusive@sigaint.org>
	User ID - SpanishCONNECT
	User ID - Maling47 (tobacco) <maling47@openmailbox.org>
	User ID - BestSeller <johnmercader@mail2tor.com>
	User ID - Tom Vienna <tomvienna5472@mail2tor.com>
	User ID - Pacho <Herra@outlook.com>
	User ID - PartySquadNL <find.us@your.favourite.market>
	User ID - samsung
	User ID - Mr Canada <canadianpharmacy@sigaint.org>
	User ID - jankees <jankees0@yandex.com>
	User ID - SladeWilson <MIRAKURU_GEAR@protonmail.com>
	User ID - Norco_King
	User ID - SpaceXshrooms
	User ID - BestBUDz <bbuk@outlook.com>
	User ID - MidNiteXTC <MidNiteXTC.ProtonMail.com>
	User ID - cityhigh <cityhigh@getnada.com>
	User ID - Klaymen <klaymen@safe-mail.net>
	User ID - Gellas1
	User ID - Dream2 <Dream2@Hotmail.com>
	User ID - reliablechemstore@outlook.com
	User ID - BruceLean
	User ID - John P <JP9576767@aol.com>
	User ID - Newspanish <spanishweed@yahoo.fr>
	User ID - chikata <fake@fake.de>
	User ID - Belzamus <ganja@x.com>
	User ID - papivole <papivole@sigaint.org>
	User ID - Bobby Brown <Turdburgers@gmail.com>
	User ID - Market <vvsnlk@yahoo.com>
	User ID - logoogo <checker1-1-1@hmamail.com>
	User ID - Pablo Escobar <teamescobar@protonmail.com>
	User ID - snowcap <snowcap@Safe-mail.net>
	User ID - PabloEsco <Pabloesco@invalid.com>
	User ID - shambuka <shambuka.brakkas@aol.com>
	User ID - tom from myspace <tom@myspace.com>
	User ID - Noumena <noumena@secmail.pro>
	User ID - DigitalWisdom <not@chance.com>
	User ID - Stark Industries <123stark@notArealEmail.com>
	User ID - DavidAdelberg
	User ID - stealthmeds <stealthmeds@protonmail.com>
	User ID - GodsaGarden.com <GodsGarden@yandex.com>
	User ID - knightking16 <knightking16@sigaintevyh2rzvw.onion>
	User ID - team10 <team10@protonmail.com>
	User ID - MicroDroper <MicroDroper@md.com>
	User ID - Serenity <bleachover@googlemail.com>
	User ID - thehitmans (smaoke accessories and legal alternatives to addiction) <newowner@mynow.net>
	User ID - Emerald Triangle (lol) <frosty@frosty.com>
	User ID - medibuster (working email !) <medsbusters@torbox3uiot6wchz.onion>
	User ID - Traffic <Drogasjakhds@tormail.com>
	User ID - DrugMasterXTC <DrugMasterXTC@protonmail.com>
	User ID - SmartMart (ACAB) <smartmart@lelantos.org>
	User ID - VitaminClub
	User ID - sboofer <ferragamo232@tutanota.com>
	User ID - Goodfella123@protonmail.com
	User ID - MesoMoreFarma (White_Rabbit_Object) <Survey_63935@hotmail.com>
	User ID - El Cartel del Norte de Africa C.N.A (Updated to 4096 bit) <cdelndea@protonmail.com>
	User ID - Hellboy <Hellboy01@protonmail.com>
	User ID - Cocktail@Hotmail.com <Cocktail@hotmail.com>
	User ID - exxolabs <orders@exxolabs.com>
	User ID - Pill-Cosby
	User ID - indianpilldaddy <indianpilldaddy@tormail.org>
	User ID - the-lost-sheep <the-lost-sheep@g>
	User ID - medicus <medicus@online.de>
	User ID - Heavenonearth <heavenonearth@safe-mail.net>
	User ID - MarleysMainMan <MMM@gmail.com>
	User ID - beprepared <----->
	User ID - james <james@none.com>
	User ID - stoneisland
	User ID - robertmondale <robertmondale@gmail.com>
	User ID - AllYouNeed <AllYouNeed@Market.com>
	User ID - abcde <abcde@gmail.com>
	User ID - urano27 <green_farm@tutanota.com>
	User ID - team-gb <tgb@live.com>
	User ID - jnenfrancis <aali-2013@hotmail.co.uk>
	User ID - s093man <nothing@nothing.com>
	User ID - london-underground <yearight@whatever.net>
	User ID - jensenon
	User ID - big_boy_supply@yahoo.com
	User ID - Troy Duboy <Boyboytroy@yahoo.com>
	User ID - irish_coffe@hotmail.com
	User ID - BilletVert (100€) <billetvert@jabbim.com>
	User ID - mo mincer <m.mince.webber.com>
	User ID - deepbay <deep.bay.international@gmail.com>
	User ID - FONKEU ARNOLD <tonadoboy15@gmail.com>
	User ID - DrugsCo <dcorp@gov.eu>
	User ID - QUALITYMEDICAL
	User ID - lirandfast <lirandfast@gmail.com>
	User ID - DPSUPPORT <dpsupport@lelantos.org>
	User ID - Quandrex
	User ID - kerrygolder98@gmail.com
	User ID - Timmyturner <Timmyturnerpgpcontact@darknet.ww>
	User ID - onenation <onenation@gmail.com>
	User ID - Mr.Erection <Mr.Erection@fakemail.com>
	User ID - Klaas <Flakko>
	User ID - dream <oglaszamy@tutanota.com>
	User ID - supercoop <supercoop@supercoop.de>
	User ID - rebelalliance <rebelrx@icloud.com>
	User ID - fusionbooes <z_62@hotmail.com>
	User ID - obama (obama key) <ekirgjhiewr@o2.ph>
	User ID - PEACE-INC <PEACE-INC@mail.com>
	User ID - OzAlpha <ozalpha@safe-mail.net>
	User ID - Kinski (Test) <kinski@gmx.de>
	User ID - mega remady t <meaga@remady.com>
	User ID - HOLLY1 <mblanco169@yahoo.com>
	User ID - xscalex <xscalex>
	User ID - Obststand <obststand@fake.com>
	User ID - Tomikos / BlackSheepSquadron
	User ID - Yourdrug <Your@Drug.com>
	User ID - starfox <nomail@gmail>
	User ID - TheDoctorHustler (Hustlaz13) <TheDoctorHustler@tormail.com>
	User ID - sletje <slet@live.nl>
	User ID - Ganesh <Ganesh@GaneshWorld.Onion>
	User ID - Blue.Chick <Beste@gmail.com>
	User ID - MEDICALZNL <medicalznl@keys.key>
	User ID - alibab234a@gmaill.com
	User ID - Demen <Newdemen@ruggedinbox.com>
	User ID - Misssauer5 (howdy) <gerty@cunt.com>
	User ID - Jarritos <Jarritos@tutanota.com>
	User ID - Mr.meds <mr.meds@protonmail.com>
	User ID - EAZY-E <eazy-e@outlook.com>
	User ID - mrfox13777 <mrfox13777@safe-mail.net>
	User ID - medical.star@yahoo.com
	User ID - John Connor <JohnConnor@JC.com>
	User ID - safesupply <safesupply@tuta.io>
	User ID - rx eh <rx-eh@protonmail.com>
